<?xml version="1.0"?>
<install type="component" version="1.5.0" method="upgrade"><name>JoomlaPack</name><creationDate>2009-01-06 15:44:22</creationDate><author>JoomlaPack Developers</author><authorEmail>contact@joomlapack.net</authorEmail><authorUrl>http://www.joomlapack.net</authorUrl><copyright>Copyright (c)2006-2008 JoomlaPack Developers</copyright><license>This component in released under the GNU/GPL v2 or later license</license><version>2.1.b1</version><description><![CDATA[<div style="font-weight: normal;"><h2>JoomlaPack 2.1.b1</h2><h3>The one for all backup solution</h3><hr/><p>You have just installed JoomlaPack, the complete open-source backup solution for
			Joomla!-powered sites.</p><p>JoomlaPack takes a backup of your site's database and files,
			including with an installer derived from the standard Joomla! installer
			to make the restoration process a piece of cake.</p><p>Alternatively, JoomlaPack can get just an SQL dump of your database, much like phpMyAdmin
			or mysqldump do, in order to restore only your database using an external tool.</p><p>The 1.3 Series has been developed to make extensive use of the Joomla! 1.5.x Framework
			ensuring maintainability towards future Joomla! versions.</p><p>If you really like this component, you can consider donating a few money. A PayPal donation
			link appears on the bottom of the main menu page. It's totally optional.</p><p><strong>This component is restricted to Super Administrators only.</strong> Remember that
			it creates a full backup, including your database. Thus, access to the backup can be a
			potential security risk.</p></div>]]></description><files folder="frontend"><filename>controllers/backup.php</filename><filename>controllers/index.htm</filename><filename>controllers/light.php</filename><filename>index.htm</filename><filename>joomlapack.php</filename><filename>models/index.htm</filename><filename>models/light.php</filename><filename>views/backup/index.htm</filename><filename>views/backup/tmpl/default.php</filename><filename>views/backup/tmpl/default_raw.php</filename><filename>views/backup/tmpl/index.htm</filename><filename>views/backup/view.raw.php</filename><filename>views/index.htm</filename><filename>views/light/index.htm</filename><filename>views/light/tmpl/default.php</filename><filename>views/light/tmpl/default_done.php</filename><filename>views/light/tmpl/default_error.php</filename><filename>views/light/tmpl/default_step.php</filename><filename>views/light/tmpl/index.htm</filename><filename>views/light/view.html.php</filename><filename>views/light/view.raw.php</filename></files><languages folder="language/frontend"><language tag="de-DE">de-DE.com_joomlapack.ini</language><language tag="el-GR">el-GR.com_joomlapack.ini</language><language tag="en-GB">en-GB.com_joomlapack.ini</language><language tag="es-ES">es-ES.com_joomlapack.ini</language><language tag="fr-FR">fr-FR.com_joomlapack.ini</language></languages><install><sql><file charset="utf8" driver="mysql">install.sql</file><file driver="mysql">install.mysql4.sql</file><file charset="utf8" driver="mysqli">install.sql</file><file driver="mysqli">install.mysql4.sql</file></sql></install><uninstall><sql><file charset="utf8" driver="mysql">uninstall.sql</file><file driver="mysql">uninstall.sql</file><file charset="utf8" driver="mysqli">uninstall.sql</file><file driver="mysqli">uninstall.sql</file></sql></uninstall><administration><menu>JoomlaPack</menu><files folder="backend"><filename>admin.joomlapack.php</filename><filename>assets/css/index.htm</filename><filename>assets/css/joomlapack.css</filename><filename>assets/images/arrow_small.png</filename><filename>assets/images/backup.png</filename><filename>assets/images/bufa.png</filename><filename>assets/images/config.png</filename><filename>assets/images/db.png</filename><filename>assets/images/dbef.png</filename><filename>assets/images/def.png</filename><filename>assets/images/delete.png</filename><filename>assets/images/dif.png</filename><filename>assets/images/download.png</filename><filename>assets/images/error_big.png</filename><filename>assets/images/error_small.png</filename><filename>assets/images/export.png</filename><filename>assets/images/extfilter.png</filename><filename>assets/images/full.png</filename><filename>assets/images/home.png</filename><filename>assets/images/import.png</filename><filename>assets/images/index.htm</filename><filename>assets/images/log.png</filename><filename>assets/images/multidb.png</filename><filename>assets/images/ok_big.png</filename><filename>assets/images/ok_small.png</filename><filename>assets/images/profiles.png</filename><filename>assets/images/reset.png</filename><filename>assets/images/sff.png</filename><filename>assets/installers/index.htm</filename><filename>assets/installers/installers.ini</filename><filename>assets/installers/jpi2.jpa</filename><filename>assets/installers/jpi3.jpa</filename><filename>assets/scripts/datarestore.jpa</filename><filename>assets/scripts/kickstart.jpa</filename><filename>backup/.htaccess</filename><filename>backup/index.htm</filename><filename>classes/abstract/enginearchiver.php</filename><filename>classes/abstract/enginelister.php</filename><filename>classes/abstract/engineparts.php</filename><filename>classes/abstract/filter.php</filename><filename>classes/abstract/index.htm</filename><filename>classes/core/cube.php</filename><filename>classes/core/domain/dbbackup.php</filename><filename>classes/core/domain/index.htm</filename><filename>classes/core/domain/installer.php</filename><filename>classes/core/domain/pack.php</filename><filename>classes/core/index.htm</filename><filename>classes/core/utility/algorunner.php</filename><filename>classes/core/utility/filtermanager.php</filename><filename>classes/core/utility/index.htm</filename><filename>classes/core/utility/logger.php</filename><filename>classes/core/utility/provisioning.php</filename><filename>classes/core/utility/tables.php</filename><filename>classes/core/utility/tempfiles.php</filename><filename>classes/engine/dumper/default.php</filename><filename>classes/engine/dumper/engine.ini</filename><filename>classes/engine/dumper/index.htm</filename><filename>classes/engine/dumper/mysqldump.php</filename><filename>classes/engine/index.htm</filename><filename>classes/engine/lister/default.php</filename><filename>classes/engine/lister/engine.ini</filename><filename>classes/engine/lister/index.htm</filename><filename>classes/engine/lister/joomla.php</filename><filename>classes/engine/packer/engine.ini</filename><filename>classes/engine/packer/index.htm</filename><filename>classes/engine/packer/jpa.php</filename><filename>classes/engine/packer/tar.php</filename><filename>classes/engine/packer/targz.php</filename><filename>classes/engine/packer/zip.php</filename><filename>classes/factory.php</filename><filename>classes/filter/dbef.php</filename><filename>classes/filter/def.php</filename><filename>classes/filter/filter.ini</filename><filename>classes/filter/index.htm</filename><filename>classes/filter/sff.php</filename><filename>classes/filter/skipdirs.php</filename><filename>classes/filter/skipfiles.php</filename><filename>classes/index.htm</filename><filename>classes/misc/Archive_Tar.php</filename><filename>classes/misc/cryptography.php</filename><filename>classes/misc/unjpa.php</filename><filename>classes/misc/unzip.php</filename><filename>controllers/backup.php</filename><filename>controllers/buadmin.php</filename><filename>controllers/config.php</filename><filename>controllers/cpanel.php</filename><filename>controllers/dbef.php</filename><filename>controllers/def.php</filename><filename>controllers/eff.php</filename><filename>controllers/extfilter.php</filename><filename>controllers/index.htm</filename><filename>controllers/log.php</filename><filename>controllers/multidb.php</filename><filename>controllers/multirestore.php</filename><filename>controllers/nag.php</filename><filename>controllers/profiles.php</filename><filename>controllers/sff.php</filename><filename>controllers/skip.php</filename><filename>controllers/statistics.php</filename><filename>help/en-GB/backup.html</filename><filename>help/en-GB/buadmin.html</filename><filename>help/en-GB/config.html</filename><filename>help/en-GB/cpanel.html</filename><filename>help/en-GB/dbef.html</filename><filename>help/en-GB/dcs.html</filename><filename>help/en-GB/def.html</filename><filename>help/en-GB/eff.html</filename><filename>help/en-GB/extfilter.html</filename><filename>help/en-GB/febackups.html</filename><filename>help/en-GB/images/important.png</filename><filename>help/en-GB/images/note.png</filename><filename>help/en-GB/images/tip.png</filename><filename>help/en-GB/images/warning.png</filename><filename>help/en-GB/index.html</filename><filename>help/en-GB/jpmanual.css</filename><filename>help/en-GB/lightmode.html</filename><filename>help/en-GB/log.html</filename><filename>help/en-GB/multidb.html</filename><filename>help/en-GB/nonav.css</filename><filename>help/en-GB/profiles.html</filename><filename>help/en-GB/sff.html</filename><filename>help/en-GB/using.html</filename><filename>help/en-GB/warnings/q001.html</filename><filename>help/en-GB/warnings/q002.html</filename><filename>help/en-GB/warnings/q101.html</filename><filename>help/en-GB/warnings/q102.html</filename><filename>help/en-GB/warnings/q201.html</filename><filename>help/en-GB/warnings/q202.html</filename><filename>help/en-GB/warnings/q203.html</filename><filename>help/en-GB/warnings/q204.html</filename><filename>help/en-GB/warnings/q401.html</filename><filename>help/index.htm</filename><filename>helpers/backup.php</filename><filename>helpers/config.php</filename><filename>helpers/dbef.php</filename><filename>helpers/def.php</filename><filename>helpers/index.htm</filename><filename>helpers/log.php</filename><filename>helpers/sajax.php</filename><filename>helpers/sff.php</filename><filename>helpers/skip.php</filename><filename>helpers/status.php</filename><filename>helpers/utils.php</filename><filename>index.htm</filename><filename>install.mysql4.sql</filename><filename>install.sql</filename><filename>models/backup.php</filename><filename>models/buadmin.php</filename><filename>models/config.php</filename><filename>models/cpanel.php</filename><filename>models/dbef.php</filename><filename>models/def.php</filename><filename>models/eff.php</filename><filename>models/extfilter.php</filename><filename>models/index.htm</filename><filename>models/log.php</filename><filename>models/multidb.php</filename><filename>models/multirestore.php</filename><filename>models/profiles.php</filename><filename>models/registry.php</filename><filename>models/sff.php</filename><filename>models/skip.php</filename><filename>models/statistics.php</filename><filename>tables/exclusion.php</filename><filename>tables/inclusion.php</filename><filename>tables/index.htm</filename><filename>tables/profile.php</filename><filename>tables/registry.php</filename><filename>tables/statistic.php</filename><filename>uninstall.sql</filename><filename>views/backup/index.htm</filename><filename>views/backup/tmpl/default.php</filename><filename>views/backup/tmpl/default_backup.php</filename><filename>views/backup/tmpl/default_error.php</filename><filename>views/backup/tmpl/default_finished.php</filename><filename>views/backup/tmpl/default_raw.php</filename><filename>views/backup/tmpl/default_start.php</filename><filename>views/backup/tmpl/default_step.php</filename><filename>views/backup/tmpl/index.htm</filename><filename>views/backup/view.html.php</filename><filename>views/backup/view.raw.php</filename><filename>views/buadmin/index.htm</filename><filename>views/buadmin/tmpl/default.php</filename><filename>views/buadmin/tmpl/default_comment.php</filename><filename>views/buadmin/tmpl/default_restore.php</filename><filename>views/buadmin/tmpl/index.htm</filename><filename>views/buadmin/view.html.php</filename><filename>views/config/index.htm</filename><filename>views/config/tmpl/default.php</filename><filename>views/config/tmpl/default_raw.php</filename><filename>views/config/tmpl/index.htm</filename><filename>views/config/view.html.php</filename><filename>views/config/view.raw.php</filename><filename>views/cpanel/index.htm</filename><filename>views/cpanel/tmpl/default.php</filename><filename>views/cpanel/tmpl/index.htm</filename><filename>views/cpanel/view.html.php</filename><filename>views/dbef/index.htm</filename><filename>views/dbef/tmpl/default.php</filename><filename>views/dbef/tmpl/default_raw.php</filename><filename>views/dbef/tmpl/index.htm</filename><filename>views/dbef/view.html.php</filename><filename>views/dbef/view.raw.php</filename><filename>views/def/index.htm</filename><filename>views/def/tmpl/default.php</filename><filename>views/def/tmpl/default_raw.php</filename><filename>views/def/tmpl/index.htm</filename><filename>views/def/view.html.php</filename><filename>views/def/view.raw.php</filename><filename>views/eff/index.htm</filename><filename>views/eff/tmpl/default.php</filename><filename>views/eff/tmpl/default_edit.php</filename><filename>views/eff/tmpl/default_raw.php</filename><filename>views/eff/tmpl/index.htm</filename><filename>views/eff/view.html.php</filename><filename>views/eff/view.raw.php</filename><filename>views/extfilter/index.htm</filename><filename>views/extfilter/tmpl/default_components.php</filename><filename>views/extfilter/tmpl/default_languages.php</filename><filename>views/extfilter/tmpl/default_modules.php</filename><filename>views/extfilter/tmpl/default_plugins.php</filename><filename>views/extfilter/tmpl/default_templates.php</filename><filename>views/extfilter/tmpl/index.htm</filename><filename>views/extfilter/view.html.php</filename><filename>views/log/index.htm</filename><filename>views/log/tmpl/default.php</filename><filename>views/log/tmpl/default_raw.php</filename><filename>views/log/tmpl/index.htm</filename><filename>views/log/view.html.php</filename><filename>views/log/view.raw.php</filename><filename>views/multidb/index.htm</filename><filename>views/multidb/tmpl/default.php</filename><filename>views/multidb/tmpl/default_edit.php</filename><filename>views/multidb/tmpl/default_raw.php</filename><filename>views/multidb/tmpl/index.htm</filename><filename>views/multidb/view.html.php</filename><filename>views/multidb/view.raw.php</filename><filename>views/multirestore/index.htm</filename><filename>views/multirestore/tmpl/default.php</filename><filename>views/multirestore/tmpl/index.htm</filename><filename>views/multirestore/view.html.php</filename><filename>views/nag/index.htm</filename><filename>views/nag/tmpl/default.php</filename><filename>views/nag/tmpl/index.htm</filename><filename>views/nag/view.html.php</filename><filename>views/profiles/index.htm</filename><filename>views/profiles/tmpl/default.php</filename><filename>views/profiles/tmpl/default_edit.php</filename><filename>views/profiles/tmpl/default_export.php</filename><filename>views/profiles/tmpl/default_import.php</filename><filename>views/profiles/tmpl/index.htm</filename><filename>views/profiles/view.html.php</filename><filename>views/profiles/view.raw.php</filename><filename>views/sff/index.htm</filename><filename>views/sff/tmpl/default.php</filename><filename>views/sff/tmpl/default_raw.php</filename><filename>views/sff/tmpl/index.htm</filename><filename>views/sff/view.html.php</filename><filename>views/sff/view.raw.php</filename><filename>views/skip/index.htm</filename><filename>views/skip/tmpl/default.php</filename><filename>views/skip/tmpl/default_raw.php</filename><filename>views/skip/tmpl/index.htm</filename><filename>views/skip/view.html.php</filename><filename>views/skip/view.raw.php</filename></files><languages folder="language/backend"><language tag="de-DE">de-DE.com_joomlapack.ini</language><language tag="el-GR">el-GR.com_joomlapack.ini</language><language tag="en-GB">en-GB.com_joomlapack.ini</language><language tag="es-ES">es-ES.com_joomlapack.ini</language><language tag="fr-FR">fr-FR.com_joomlapack.ini</language></languages></administration></install>
